,estado origem,estado_chegada,acao,probs
0,"(1, -1)","(1, -1)",0,0.0
1,"(1, -1)","(1, 0)",0,0.0
2,"(1, -1)","(1, 1)",0,0.0
3,"(1, -1)","(1, 2)",0,0.0
4,"(1, -1)","(2, -1)",0,0.0
5,"(1, -1)","(2, 0)",0,0.0
6,"(1, -1)","(2, 1)",0,0.0
7,"(1, -1)","(2, 2)",0,0.0
8,"(1, -1)","(2, 3)",0,0.0
9,"(1, -1)","(2, 4)",0,0.0
10,"(1, -1)","(3, -1)",0,0.0
11,"(1, -1)","(3, 0)",0,0.0
12,"(1, -1)","(3, 1)",0,0.0
13,"(1, -1)","(3, 2)",0,0.0
14,"(1, -1)","(3, 3)",0,0.0
15,"(1, -1)","(3, 4)",0,0.0
16,"(1, -1)","(3, 5)",0,0.0
17,"(1, -1)","(3, 6)",0,0.0
18,"(1, -1)","(4, -1)",0,0.0
19,"(1, -1)","(4, 0)",0,0.0
20,"(1, -1)","(4, 1)",0,0.0
21,"(1, -1)","(4, 2)",0,0.0
22,"(1, -1)","(4, 3)",0,0.0
23,"(1, -1)","(4, 4)",0,0.0
24,"(1, -1)","(4, 5)",0,0.0
25,"(1, -1)","(4, 6)",0,0.0
26,"(1, -1)","(4, 7)",0,0.0
27,"(1, -1)","(4, 8)",0,0.0
28,"(1, -1)","(5, -1)",0,0.0
29,"(1, -1)","(5, 0)",0,0.0
30,"(1, -1)","(5, 1)",0,0.0
31,"(1, -1)","(5, 2)",0,0.0
32,"(1, -1)","(5, 3)",0,0.0
33,"(1, -1)","(5, 4)",0,0.0
34,"(1, -1)","(5, 5)",0,0.0
35,"(1, -1)","(5, 6)",0,0.0
36,"(1, -1)","(5, 7)",0,0.0
37,"(1, -1)","(5, 8)",0,0.0
38,"(1, -1)","(5, 9)",0,0.0
39,"(1, -1)","(5, 10)",0,0.0
40,"(1, 0)","(1, -1)",0,0.0
41,"(1, 0)","(1, 0)",0,0.0
42,"(1, 0)","(1, 1)",0,0.0
43,"(1, 0)","(1, 2)",0,0.0
44,"(1, 0)","(2, -1)",0,0.05
45,"(1, 0)","(2, 0)",0,0.23749999999999996
46,"(1, 0)","(2, 1)",0,0.4749999999999999
47,"(1, 0)","(2, 2)",0,0.2375
48,"(1, 0)","(2, 3)",0,0.0
49,"(1, 0)","(2, 4)",0,0.0
50,"(1, 0)","(3, -1)",0,0.0
51,"(1, 0)","(3, 0)",0,0.0
52,"(1, 0)","(3, 1)",0,0.0
53,"(1, 0)","(3, 2)",0,0.0
54,"(1, 0)","(3, 3)",0,0.0
55,"(1, 0)","(3, 4)",0,0.0
56,"(1, 0)","(3, 5)",0,0.0
57,"(1, 0)","(3, 6)",0,0.0
58,"(1, 0)","(4, -1)",0,0.0
59,"(1, 0)","(4, 0)",0,0.0
60,"(1, 0)","(4, 1)",0,0.0
61,"(1, 0)","(4, 2)",0,0.0
62,"(1, 0)","(4, 3)",0,0.0
63,"(1, 0)","(4, 4)",0,0.0
64,"(1, 0)","(4, 5)",0,0.0
65,"(1, 0)","(4, 6)",0,0.0
66,"(1, 0)","(4, 7)",0,0.0
67,"(1, 0)","(4, 8)",0,0.0
68,"(1, 0)","(5, -1)",0,0.0
69,"(1, 0)","(5, 0)",0,0.0
70,"(1, 0)","(5, 1)",0,0.0
71,"(1, 0)","(5, 2)",0,0.0
72,"(1, 0)","(5, 3)",0,0.0
73,"(1, 0)","(5, 4)",0,0.0
74,"(1, 0)","(5, 5)",0,0.0
75,"(1, 0)","(5, 6)",0,0.0
76,"(1, 0)","(5, 7)",0,0.0
77,"(1, 0)","(5, 8)",0,0.0
78,"(1, 0)","(5, 9)",0,0.0
79,"(1, 0)","(5, 10)",0,0.0
80,"(1, 1)","(1, -1)",0,0.0
81,"(1, 1)","(1, 0)",0,0.0
82,"(1, 1)","(1, 1)",0,0.0
83,"(1, 1)","(1, 2)",0,0.0
84,"(1, 1)","(2, -1)",0,0.12516099799833535
85,"(1, 1)","(2, 0)",0,0.0
86,"(1, 1)","(2, 1)",0,0.21870975050041613
87,"(1, 1)","(2, 2)",0,0.43741950100083227
88,"(1, 1)","(2, 3)",0,0.21870975050041616
89,"(1, 1)","(2, 4)",0,0.0
90,"(1, 1)","(3, -1)",0,0.0
91,"(1, 1)","(3, 0)",0,0.0
92,"(1, 1)","(3, 1)",0,0.0
93,"(1, 1)","(3, 2)",0,0.0
94,"(1, 1)","(3, 3)",0,0.0
95,"(1, 1)","(3, 4)",0,0.0
96,"(1, 1)","(3, 5)",0,0.0
97,"(1, 1)","(3, 6)",0,0.0
98,"(1, 1)","(4, -1)",0,0.0
99,"(1, 1)","(4, 0)",0,0.0
100,"(1, 1)","(4, 1)",0,0.0
101,"(1, 1)","(4, 2)",0,0.0
102,"(1, 1)","(4, 3)",0,0.0
103,"(1, 1)","(4, 4)",0,0.0
104,"(1, 1)","(4, 5)",0,0.0
105,"(1, 1)","(4, 6)",0,0.0
106,"(1, 1)","(4, 7)",0,0.0
107,"(1, 1)","(4, 8)",0,0.0
108,"(1, 1)","(5, -1)",0,0.0
109,"(1, 1)","(5, 0)",0,0.0
110,"(1, 1)","(5, 1)",0,0.0
111,"(1, 1)","(5, 2)",0,0.0
112,"(1, 1)","(5, 3)",0,0.0
113,"(1, 1)","(5, 4)",0,0.0
114,"(1, 1)","(5, 5)",0,0.0
115,"(1, 1)","(5, 6)",0,0.0
116,"(1, 1)","(5, 7)",0,0.0
117,"(1, 1)","(5, 8)",0,0.0
118,"(1, 1)","(5, 9)",0,0.0
119,"(1, 1)","(5, 10)",0,0.0
120,"(1, 2)","(1, -1)",0,0.0
121,"(1, 2)","(1, 0)",0,0.0
122,"(1, 2)","(1, 1)",0,0.0
123,"(1, 2)","(1, 2)",0,0.0
124,"(1, 2)","(2, -1)",0,0.28000456216507397
125,"(1, 2)","(2, 0)",0,0.0
126,"(1, 2)","(2, 1)",0,0.0
127,"(1, 2)","(2, 2)",0,0.17999885945873148
128,"(1, 2)","(2, 3)",0,0.35999771891746296
129,"(1, 2)","(2, 4)",0,0.1799988594587315
130,"(1, 2)","(3, -1)",0,0.0
131,"(1, 2)","(3, 0)",0,0.0
132,"(1, 2)","(3, 1)",0,0.0
133,"(1, 2)","(3, 2)",0,0.0
134,"(1, 2)","(3, 3)",0,0.0
135,"(1, 2)","(3, 4)",0,0.0
136,"(1, 2)","(3, 5)",0,0.0
137,"(1, 2)","(3, 6)",0,0.0
138,"(1, 2)","(4, -1)",0,0.0
139,"(1, 2)","(4, 0)",0,0.0
140,"(1, 2)","(4, 1)",0,0.0
141,"(1, 2)","(4, 2)",0,0.0
142,"(1, 2)","(4, 3)",0,0.0
143,"(1, 2)","(4, 4)",0,0.0
144,"(1, 2)","(4, 5)",0,0.0
145,"(1, 2)","(4, 6)",0,0.0
146,"(1, 2)","(4, 7)",0,0.0
147,"(1, 2)","(4, 8)",0,0.0
148,"(1, 2)","(5, -1)",0,0.0
149,"(1, 2)","(5, 0)",0,0.0
150,"(1, 2)","(5, 1)",0,0.0
151,"(1, 2)","(5, 2)",0,0.0
152,"(1, 2)","(5, 3)",0,0.0
153,"(1, 2)","(5, 4)",0,0.0
154,"(1, 2)","(5, 5)",0,0.0
155,"(1, 2)","(5, 6)",0,0.0
156,"(1, 2)","(5, 7)",0,0.0
157,"(1, 2)","(5, 8)",0,0.0
158,"(1, 2)","(5, 9)",0,0.0
159,"(1, 2)","(5, 10)",0,0.0
160,"(2, -1)","(1, -1)",0,0.0
161,"(2, -1)","(1, 0)",0,0.0
162,"(2, -1)","(1, 1)",0,0.0
163,"(2, -1)","(1, 2)",0,0.0
164,"(2, -1)","(2, -1)",0,0.0
165,"(2, -1)","(2, 0)",0,0.0
166,"(2, -1)","(2, 1)",0,0.0
167,"(2, -1)","(2, 2)",0,0.0
168,"(2, -1)","(2, 3)",0,0.0
169,"(2, -1)","(2, 4)",0,0.0
170,"(2, -1)","(3, -1)",0,0.0
171,"(2, -1)","(3, 0)",0,0.0
172,"(2, -1)","(3, 1)",0,0.0
173,"(2, -1)","(3, 2)",0,0.0
174,"(2, -1)","(3, 3)",0,0.0
175,"(2, -1)","(3, 4)",0,0.0
176,"(2, -1)","(3, 5)",0,0.0
177,"(2, -1)","(3, 6)",0,0.0
178,"(2, -1)","(4, -1)",0,0.0
179,"(2, -1)","(4, 0)",0,0.0
180,"(2, -1)","(4, 1)",0,0.0
181,"(2, -1)","(4, 2)",0,0.0
182,"(2, -1)","(4, 3)",0,0.0
183,"(2, -1)","(4, 4)",0,0.0
184,"(2, -1)","(4, 5)",0,0.0
185,"(2, -1)","(4, 6)",0,0.0
186,"(2, -1)","(4, 7)",0,0.0
187,"(2, -1)","(4, 8)",0,0.0
188,"(2, -1)","(5, -1)",0,0.0
189,"(2, -1)","(5, 0)",0,0.0
190,"(2, -1)","(5, 1)",0,0.0
191,"(2, -1)","(5, 2)",0,0.0
192,"(2, -1)","(5, 3)",0,0.0
193,"(2, -1)","(5, 4)",0,0.0
194,"(2, -1)","(5, 5)",0,0.0
195,"(2, -1)","(5, 6)",0,0.0
196,"(2, -1)","(5, 7)",0,0.0
197,"(2, -1)","(5, 8)",0,0.0
198,"(2, -1)","(5, 9)",0,0.0
199,"(2, -1)","(5, 10)",0,0.0
200,"(2, 0)","(1, -1)",0,0.0
201,"(2, 0)","(1, 0)",0,0.0
202,"(2, 0)","(1, 1)",0,0.0
203,"(2, 0)","(1, 2)",0,0.0
204,"(2, 0)","(2, -1)",0,0.0
205,"(2, 0)","(2, 0)",0,0.0
206,"(2, 0)","(2, 1)",0,0.0
207,"(2, 0)","(2, 2)",0,0.0
208,"(2, 0)","(2, 3)",0,0.0
209,"(2, 0)","(2, 4)",0,0.0
210,"(2, 0)","(3, -1)",0,0.05
211,"(2, 0)","(3, 0)",0,0.23749999999999996
212,"(2, 0)","(3, 1)",0,0.4749999999999999
213,"(2, 0)","(3, 2)",0,0.2375
214,"(2, 0)","(3, 3)",0,0.0
215,"(2, 0)","(3, 4)",0,0.0
216,"(2, 0)","(3, 5)",0,0.0
217,"(2, 0)","(3, 6)",0,0.0
218,"(2, 0)","(4, -1)",0,0.0
219,"(2, 0)","(4, 0)",0,0.0
220,"(2, 0)","(4, 1)",0,0.0
221,"(2, 0)","(4, 2)",0,0.0
222,"(2, 0)","(4, 3)",0,0.0
223,"(2, 0)","(4, 4)",0,0.0
224,"(2, 0)","(4, 5)",0,0.0
225,"(2, 0)","(4, 6)",0,0.0
226,"(2, 0)","(4, 7)",0,0.0
227,"(2, 0)","(4, 8)",0,0.0
228,"(2, 0)","(5, -1)",0,0.0
229,"(2, 0)","(5, 0)",0,0.0
230,"(2, 0)","(5, 1)",0,0.0
231,"(2, 0)","(5, 2)",0,0.0
232,"(2, 0)","(5, 3)",0,0.0
233,"(2, 0)","(5, 4)",0,0.0
234,"(2, 0)","(5, 5)",0,0.0
235,"(2, 0)","(5, 6)",0,0.0
236,"(2, 0)","(5, 7)",0,0.0
237,"(2, 0)","(5, 8)",0,0.0
238,"(2, 0)","(5, 9)",0,0.0
239,"(2, 0)","(5, 10)",0,0.0
240,"(2, 1)","(1, -1)",0,0.0
241,"(2, 1)","(1, 0)",0,0.0
242,"(2, 1)","(1, 1)",0,0.0
243,"(2, 1)","(1, 2)",0,0.0
244,"(2, 1)","(2, -1)",0,0.0
245,"(2, 1)","(2, 0)",0,0.0
246,"(2, 1)","(2, 1)",0,0.0
247,"(2, 1)","(2, 2)",0,0.0
248,"(2, 1)","(2, 3)",0,0.0
249,"(2, 1)","(2, 4)",0,0.0
250,"(2, 1)","(3, -1)",0,0.12516099799833535
251,"(2, 1)","(3, 0)",0,0.0
252,"(2, 1)","(3, 1)",0,0.21870975050041613
253,"(2, 1)","(3, 2)",0,0.43741950100083227
254,"(2, 1)","(3, 3)",0,0.21870975050041616
255,"(2, 1)","(3, 4)",0,0.0
256,"(2, 1)","(3, 5)",0,0.0
257,"(2, 1)","(3, 6)",0,0.0
258,"(2, 1)","(4, -1)",0,0.0
259,"(2, 1)","(4, 0)",0,0.0
260,"(2, 1)","(4, 1)",0,0.0
261,"(2, 1)","(4, 2)",0,0.0
262,"(2, 1)","(4, 3)",0,0.0
263,"(2, 1)","(4, 4)",0,0.0
264,"(2, 1)","(4, 5)",0,0.0
265,"(2, 1)","(4, 6)",0,0.0
266,"(2, 1)","(4, 7)",0,0.0
267,"(2, 1)","(4, 8)",0,0.0
268,"(2, 1)","(5, -1)",0,0.0
269,"(2, 1)","(5, 0)",0,0.0
270,"(2, 1)","(5, 1)",0,0.0
271,"(2, 1)","(5, 2)",0,0.0
272,"(2, 1)","(5, 3)",0,0.0
273,"(2, 1)","(5, 4)",0,0.0
274,"(2, 1)","(5, 5)",0,0.0
275,"(2, 1)","(5, 6)",0,0.0
276,"(2, 1)","(5, 7)",0,0.0
277,"(2, 1)","(5, 8)",0,0.0
278,"(2, 1)","(5, 9)",0,0.0
279,"(2, 1)","(5, 10)",0,0.0
280,"(2, 2)","(1, -1)",0,0.0
281,"(2, 2)","(1, 0)",0,0.0
282,"(2, 2)","(1, 1)",0,0.0
283,"(2, 2)","(1, 2)",0,0.0
284,"(2, 2)","(2, -1)",0,0.0
285,"(2, 2)","(2, 0)",0,0.0
286,"(2, 2)","(2, 1)",0,0.0
287,"(2, 2)","(2, 2)",0,0.0
288,"(2, 2)","(2, 3)",0,0.0
289,"(2, 2)","(2, 4)",0,0.0
290,"(2, 2)","(3, -1)",0,0.28000456216507397
291,"(2, 2)","(3, 0)",0,0.0
292,"(2, 2)","(3, 1)",0,0.0
293,"(2, 2)","(3, 2)",0,0.17999885945873148
294,"(2, 2)","(3, 3)",0,0.35999771891746296
295,"(2, 2)","(3, 4)",0,0.1799988594587315
296,"(2, 2)","(3, 5)",0,0.0
297,"(2, 2)","(3, 6)",0,0.0
298,"(2, 2)","(4, -1)",0,0.0
299,"(2, 2)","(4, 0)",0,0.0
300,"(2, 2)","(4, 1)",0,0.0
301,"(2, 2)","(4, 2)",0,0.0
302,"(2, 2)","(4, 3)",0,0.0
303,"(2, 2)","(4, 4)",0,0.0
304,"(2, 2)","(4, 5)",0,0.0
305,"(2, 2)","(4, 6)",0,0.0
306,"(2, 2)","(4, 7)",0,0.0
307,"(2, 2)","(4, 8)",0,0.0
308,"(2, 2)","(5, -1)",0,0.0
309,"(2, 2)","(5, 0)",0,0.0
310,"(2, 2)","(5, 1)",0,0.0
311,"(2, 2)","(5, 2)",0,0.0
312,"(2, 2)","(5, 3)",0,0.0
313,"(2, 2)","(5, 4)",0,0.0
314,"(2, 2)","(5, 5)",0,0.0
315,"(2, 2)","(5, 6)",0,0.0
316,"(2, 2)","(5, 7)",0,0.0
317,"(2, 2)","(5, 8)",0,0.0
318,"(2, 2)","(5, 9)",0,0.0
319,"(2, 2)","(5, 10)",0,0.0
320,"(2, 3)","(1, -1)",0,0.0
321,"(2, 3)","(1, 0)",0,0.0
322,"(2, 3)","(1, 1)",0,0.0
323,"(2, 3)","(1, 2)",0,0.0
324,"(2, 3)","(2, -1)",0,0.0
325,"(2, 3)","(2, 0)",0,0.0
326,"(2, 3)","(2, 1)",0,0.0
327,"(2, 3)","(2, 2)",0,0.0
328,"(2, 3)","(2, 3)",0,0.0
329,"(2, 3)","(2, 4)",0,0.0
330,"(2, 3)","(3, -1)",0,0.5138866830116855
331,"(2, 3)","(3, 0)",0,0.0
332,"(2, 3)","(3, 1)",0,0.0
333,"(2, 3)","(3, 2)",0,0.0
334,"(2, 3)","(3, 3)",0,0.12152832924707861
335,"(2, 3)","(3, 4)",0,0.24305665849415722
336,"(2, 3)","(3, 5)",0,0.12152832924707863
337,"(2, 3)","(3, 6)",0,0.0
338,"(2, 3)","(4, -1)",0,0.0
339,"(2, 3)","(4, 0)",0,0.0
340,"(2, 3)","(4, 1)",0,0.0
341,"(2, 3)","(4, 2)",0,0.0
342,"(2, 3)","(4, 3)",0,0.0
343,"(2, 3)","(4, 4)",0,0.0
344,"(2, 3)","(4, 5)",0,0.0
345,"(2, 3)","(4, 6)",0,0.0
346,"(2, 3)","(4, 7)",0,0.0
347,"(2, 3)","(4, 8)",0,0.0
348,"(2, 3)","(5, -1)",0,0.0
349,"(2, 3)","(5, 0)",0,0.0
350,"(2, 3)","(5, 1)",0,0.0
351,"(2, 3)","(5, 2)",0,0.0
352,"(2, 3)","(5, 3)",0,0.0
353,"(2, 3)","(5, 4)",0,0.0
354,"(2, 3)","(5, 5)",0,0.0
355,"(2, 3)","(5, 6)",0,0.0
356,"(2, 3)","(5, 7)",0,0.0
357,"(2, 3)","(5, 8)",0,0.0
358,"(2, 3)","(5, 9)",0,0.0
359,"(2, 3)","(5, 10)",0,0.0
360,"(2, 4)","(1, -1)",0,0.0
361,"(2, 4)","(1, 0)",0,0.0
362,"(2, 4)","(1, 1)",0,0.0
363,"(2, 4)","(1, 2)",0,0.0
364,"(2, 4)","(2, -1)",0,0.0
365,"(2, 4)","(2, 0)",0,0.0
366,"(2, 4)","(2, 1)",0,0.0
367,"(2, 4)","(2, 2)",0,0.0
368,"(2, 4)","(2, 3)",0,0.0
369,"(2, 4)","(2, 4)",0,0.0
370,"(2, 4)","(3, -1)",0,0.7418413371607367
371,"(2, 4)","(3, 0)",0,0.0
372,"(2, 4)","(3, 1)",0,0.0
373,"(2, 4)","(3, 2)",0,0.0
374,"(2, 4)","(3, 3)",0,0.0
375,"(2, 4)","(3, 4)",0,0.0645396657098158
376,"(2, 4)","(3, 5)",0,0.1290793314196316
377,"(2, 4)","(3, 6)",0,0.06453966570981581
378,"(2, 4)","(4, -1)",0,0.0
379,"(2, 4)","(4, 0)",0,0.0
380,"(2, 4)","(4, 1)",0,0.0
381,"(2, 4)","(4, 2)",0,0.0
382,"(2, 4)","(4, 3)",0,0.0
383,"(2, 4)","(4, 4)",0,0.0
384,"(2, 4)","(4, 5)",0,0.0
385,"(2, 4)","(4, 6)",0,0.0
386,"(2, 4)","(4, 7)",0,0.0
387,"(2, 4)","(4, 8)",0,0.0
388,"(2, 4)","(5, -1)",0,0.0
389,"(2, 4)","(5, 0)",0,0.0
390,"(2, 4)","(5, 1)",0,0.0
391,"(2, 4)","(5, 2)",0,0.0
392,"(2, 4)","(5, 3)",0,0.0
393,"(2, 4)","(5, 4)",0,0.0
394,"(2, 4)","(5, 5)",0,0.0
395,"(2, 4)","(5, 6)",0,0.0
396,"(2, 4)","(5, 7)",0,0.0
397,"(2, 4)","(5, 8)",0,0.0
398,"(2, 4)","(5, 9)",0,0.0
399,"(2, 4)","(5, 10)",0,0.0
400,"(3, -1)","(1, -1)",0,0.0
401,"(3, -1)","(1, 0)",0,0.0
402,"(3, -1)","(1, 1)",0,0.0
403,"(3, -1)","(1, 2)",0,0.0
404,"(3, -1)","(2, -1)",0,0.0
405,"(3, -1)","(2, 0)",0,0.0
406,"(3, -1)","(2, 1)",0,0.0
407,"(3, -1)","(2, 2)",0,0.0
408,"(3, -1)","(2, 3)",0,0.0
409,"(3, -1)","(2, 4)",0,0.0
410,"(3, -1)","(3, -1)",0,0.0
411,"(3, -1)","(3, 0)",0,0.0
412,"(3, -1)","(3, 1)",0,0.0
413,"(3, -1)","(3, 2)",0,0.0
414,"(3, -1)","(3, 3)",0,0.0
415,"(3, -1)","(3, 4)",0,0.0
416,"(3, -1)","(3, 5)",0,0.0
417,"(3, -1)","(3, 6)",0,0.0
418,"(3, -1)","(4, -1)",0,0.0
419,"(3, -1)","(4, 0)",0,0.0
420,"(3, -1)","(4, 1)",0,0.0
421,"(3, -1)","(4, 2)",0,0.0
422,"(3, -1)","(4, 3)",0,0.0
423,"(3, -1)","(4, 4)",0,0.0
424,"(3, -1)","(4, 5)",0,0.0
425,"(3, -1)","(4, 6)",0,0.0
426,"(3, -1)","(4, 7)",0,0.0
427,"(3, -1)","(4, 8)",0,0.0
428,"(3, -1)","(5, -1)",0,0.0
429,"(3, -1)","(5, 0)",0,0.0
430,"(3, -1)","(5, 1)",0,0.0
431,"(3, -1)","(5, 2)",0,0.0
432,"(3, -1)","(5, 3)",0,0.0
433,"(3, -1)","(5, 4)",0,0.0
434,"(3, -1)","(5, 5)",0,0.0
435,"(3, -1)","(5, 6)",0,0.0
436,"(3, -1)","(5, 7)",0,0.0
437,"(3, -1)","(5, 8)",0,0.0
438,"(3, -1)","(5, 9)",0,0.0
439,"(3, -1)","(5, 10)",0,0.0
440,"(3, 0)","(1, -1)",0,0.0
441,"(3, 0)","(1, 0)",0,0.0
442,"(3, 0)","(1, 1)",0,0.0
443,"(3, 0)","(1, 2)",0,0.0
444,"(3, 0)","(2, -1)",0,0.0
445,"(3, 0)","(2, 0)",0,0.0
446,"(3, 0)","(2, 1)",0,0.0
447,"(3, 0)","(2, 2)",0,0.0
448,"(3, 0)","(2, 3)",0,0.0
449,"(3, 0)","(2, 4)",0,0.0
450,"(3, 0)","(3, -1)",0,0.0
451,"(3, 0)","(3, 0)",0,0.0
452,"(3, 0)","(3, 1)",0,0.0
453,"(3, 0)","(3, 2)",0,0.0
454,"(3, 0)","(3, 3)",0,0.0
455,"(3, 0)","(3, 4)",0,0.0
456,"(3, 0)","(3, 5)",0,0.0
457,"(3, 0)","(3, 6)",0,0.0
458,"(3, 0)","(4, -1)",0,0.05
459,"(3, 0)","(4, 0)",0,0.23749999999999996
460,"(3, 0)","(4, 1)",0,0.4749999999999999
461,"(3, 0)","(4, 2)",0,0.2375
462,"(3, 0)","(4, 3)",0,0.0
463,"(3, 0)","(4, 4)",0,0.0
464,"(3, 0)","(4, 5)",0,0.0
465,"(3, 0)","(4, 6)",0,0.0
466,"(3, 0)","(4, 7)",0,0.0
467,"(3, 0)","(4, 8)",0,0.0
468,"(3, 0)","(5, -1)",0,0.0
469,"(3, 0)","(5, 0)",0,0.0
470,"(3, 0)","(5, 1)",0,0.0
471,"(3, 0)","(5, 2)",0,0.0
472,"(3, 0)","(5, 3)",0,0.0
473,"(3, 0)","(5, 4)",0,0.0
474,"(3, 0)","(5, 5)",0,0.0
475,"(3, 0)","(5, 6)",0,0.0
476,"(3, 0)","(5, 7)",0,0.0
477,"(3, 0)","(5, 8)",0,0.0
478,"(3, 0)","(5, 9)",0,0.0
479,"(3, 0)","(5, 10)",0,0.0
480,"(3, 1)","(1, -1)",0,0.0
481,"(3, 1)","(1, 0)",0,0.0
482,"(3, 1)","(1, 1)",0,0.0
483,"(3, 1)","(1, 2)",0,0.0
484,"(3, 1)","(2, -1)",0,0.0
485,"(3, 1)","(2, 0)",0,0.0
486,"(3, 1)","(2, 1)",0,0.0
487,"(3, 1)","(2, 2)",0,0.0
488,"(3, 1)","(2, 3)",0,0.0
489,"(3, 1)","(2, 4)",0,0.0
490,"(3, 1)","(3, -1)",0,0.0
491,"(3, 1)","(3, 0)",0,0.0
492,"(3, 1)","(3, 1)",0,0.0
493,"(3, 1)","(3, 2)",0,0.0
494,"(3, 1)","(3, 3)",0,0.0
495,"(3, 1)","(3, 4)",0,0.0
496,"(3, 1)","(3, 5)",0,0.0
497,"(3, 1)","(3, 6)",0,0.0
498,"(3, 1)","(4, -1)",0,0.12516099799833535
499,"(3, 1)","(4, 0)",0,0.0
500,"(3, 1)","(4, 1)",0,0.21870975050041613
501,"(3, 1)","(4, 2)",0,0.43741950100083227
502,"(3, 1)","(4, 3)",0,0.21870975050041616
503,"(3, 1)","(4, 4)",0,0.0
504,"(3, 1)","(4, 5)",0,0.0
505,"(3, 1)","(4, 6)",0,0.0
506,"(3, 1)","(4, 7)",0,0.0
507,"(3, 1)","(4, 8)",0,0.0
508,"(3, 1)","(5, -1)",0,0.0
509,"(3, 1)","(5, 0)",0,0.0
510,"(3, 1)","(5, 1)",0,0.0
511,"(3, 1)","(5, 2)",0,0.0
512,"(3, 1)","(5, 3)",0,0.0
513,"(3, 1)","(5, 4)",0,0.0
514,"(3, 1)","(5, 5)",0,0.0
515,"(3, 1)","(5, 6)",0,0.0
516,"(3, 1)","(5, 7)",0,0.0
517,"(3, 1)","(5, 8)",0,0.0
518,"(3, 1)","(5, 9)",0,0.0
519,"(3, 1)","(5, 10)",0,0.0
520,"(3, 2)","(1, -1)",0,0.0
521,"(3, 2)","(1, 0)",0,0.0
522,"(3, 2)","(1, 1)",0,0.0
523,"(3, 2)","(1, 2)",0,0.0
524,"(3, 2)","(2, -1)",0,0.0
525,"(3, 2)","(2, 0)",0,0.0
526,"(3, 2)","(2, 1)",0,0.0
527,"(3, 2)","(2, 2)",0,0.0
528,"(3, 2)","(2, 3)",0,0.0
529,"(3, 2)","(2, 4)",0,0.0
530,"(3, 2)","(3, -1)",0,0.0
531,"(3, 2)","(3, 0)",0,0.0
532,"(3, 2)","(3, 1)",0,0.0
533,"(3, 2)","(3, 2)",0,0.0
534,"(3, 2)","(3, 3)",0,0.0
535,"(3, 2)","(3, 4)",0,0.0
536,"(3, 2)","(3, 5)",0,0.0
537,"(3, 2)","(3, 6)",0,0.0
538,"(3, 2)","(4, -1)",0,0.28000456216507397
539,"(3, 2)","(4, 0)",0,0.0
540,"(3, 2)","(4, 1)",0,0.0
541,"(3, 2)","(4, 2)",0,0.17999885945873148
542,"(3, 2)","(4, 3)",0,0.35999771891746296
543,"(3, 2)","(4, 4)",0,0.1799988594587315
544,"(3, 2)","(4, 5)",0,0.0
545,"(3, 2)","(4, 6)",0,0.0
546,"(3, 2)","(4, 7)",0,0.0
547,"(3, 2)","(4, 8)",0,0.0
548,"(3, 2)","(5, -1)",0,0.0
549,"(3, 2)","(5, 0)",0,0.0
550,"(3, 2)","(5, 1)",0,0.0
551,"(3, 2)","(5, 2)",0,0.0
552,"(3, 2)","(5, 3)",0,0.0
553,"(3, 2)","(5, 4)",0,0.0
554,"(3, 2)","(5, 5)",0,0.0
555,"(3, 2)","(5, 6)",0,0.0
556,"(3, 2)","(5, 7)",0,0.0
557,"(3, 2)","(5, 8)",0,0.0
558,"(3, 2)","(5, 9)",0,0.0
559,"(3, 2)","(5, 10)",0,0.0
560,"(3, 3)","(1, -1)",0,0.0
561,"(3, 3)","(1, 0)",0,0.0
562,"(3, 3)","(1, 1)",0,0.0
563,"(3, 3)","(1, 2)",0,0.0
564,"(3, 3)","(2, -1)",0,0.0
565,"(3, 3)","(2, 0)",0,0.0
566,"(3, 3)","(2, 1)",0,0.0
567,"(3, 3)","(2, 2)",0,0.0
568,"(3, 3)","(2, 3)",0,0.0
569,"(3, 3)","(2, 4)",0,0.0
570,"(3, 3)","(3, -1)",0,0.0
571,"(3, 3)","(3, 0)",0,0.0
572,"(3, 3)","(3, 1)",0,0.0
573,"(3, 3)","(3, 2)",0,0.0
574,"(3, 3)","(3, 3)",0,0.0
575,"(3, 3)","(3, 4)",0,0.0
576,"(3, 3)","(3, 5)",0,0.0
577,"(3, 3)","(3, 6)",0,0.0
578,"(3, 3)","(4, -1)",0,0.5138866830116855
579,"(3, 3)","(4, 0)",0,0.0
580,"(3, 3)","(4, 1)",0,0.0
581,"(3, 3)","(4, 2)",0,0.0
582,"(3, 3)","(4, 3)",0,0.12152832924707861
583,"(3, 3)","(4, 4)",0,0.24305665849415722
584,"(3, 3)","(4, 5)",0,0.12152832924707863
585,"(3, 3)","(4, 6)",0,0.0
586,"(3, 3)","(4, 7)",0,0.0
587,"(3, 3)","(4, 8)",0,0.0
588,"(3, 3)","(5, -1)",0,0.0
589,"(3, 3)","(5, 0)",0,0.0
590,"(3, 3)","(5, 1)",0,0.0
591,"(3, 3)","(5, 2)",0,0.0
592,"(3, 3)","(5, 3)",0,0.0
593,"(3, 3)","(5, 4)",0,0.0
594,"(3, 3)","(5, 5)",0,0.0
595,"(3, 3)","(5, 6)",0,0.0
596,"(3, 3)","(5, 7)",0,0.0
597,"(3, 3)","(5, 8)",0,0.0
598,"(3, 3)","(5, 9)",0,0.0
599,"(3, 3)","(5, 10)",0,0.0
600,"(3, 4)","(1, -1)",0,0.0
601,"(3, 4)","(1, 0)",0,0.0
602,"(3, 4)","(1, 1)",0,0.0
603,"(3, 4)","(1, 2)",0,0.0
604,"(3, 4)","(2, -1)",0,0.0
605,"(3, 4)","(2, 0)",0,0.0
606,"(3, 4)","(2, 1)",0,0.0
607,"(3, 4)","(2, 2)",0,0.0
608,"(3, 4)","(2, 3)",0,0.0
609,"(3, 4)","(2, 4)",0,0.0
610,"(3, 4)","(3, -1)",0,0.0
611,"(3, 4)","(3, 0)",0,0.0
612,"(3, 4)","(3, 1)",0,0.0
613,"(3, 4)","(3, 2)",0,0.0
614,"(3, 4)","(3, 3)",0,0.0
615,"(3, 4)","(3, 4)",0,0.0
616,"(3, 4)","(3, 5)",0,0.0
617,"(3, 4)","(3, 6)",0,0.0
618,"(3, 4)","(4, -1)",0,0.7418413371607367
619,"(3, 4)","(4, 0)",0,0.0
620,"(3, 4)","(4, 1)",0,0.0
621,"(3, 4)","(4, 2)",0,0.0
622,"(3, 4)","(4, 3)",0,0.0
623,"(3, 4)","(4, 4)",0,0.0645396657098158
624,"(3, 4)","(4, 5)",0,0.1290793314196316
625,"(3, 4)","(4, 6)",0,0.06453966570981581
626,"(3, 4)","(4, 7)",0,0.0
627,"(3, 4)","(4, 8)",0,0.0
628,"(3, 4)","(5, -1)",0,0.0
629,"(3, 4)","(5, 0)",0,0.0
630,"(3, 4)","(5, 1)",0,0.0
631,"(3, 4)","(5, 2)",0,0.0
632,"(3, 4)","(5, 3)",0,0.0
633,"(3, 4)","(5, 4)",0,0.0
634,"(3, 4)","(5, 5)",0,0.0
635,"(3, 4)","(5, 6)",0,0.0
636,"(3, 4)","(5, 7)",0,0.0
637,"(3, 4)","(5, 8)",0,0.0
638,"(3, 4)","(5, 9)",0,0.0
639,"(3, 4)","(5, 10)",0,0.0
640,"(3, 5)","(1, -1)",0,0.0
641,"(3, 5)","(1, 0)",0,0.0
642,"(3, 5)","(1, 1)",0,0.0
643,"(3, 5)","(1, 2)",0,0.0
644,"(3, 5)","(2, -1)",0,0.0
645,"(3, 5)","(2, 0)",0,0.0
646,"(3, 5)","(2, 1)",0,0.0
647,"(3, 5)","(2, 2)",0,0.0
648,"(3, 5)","(2, 3)",0,0.0
649,"(3, 5)","(2, 4)",0,0.0
650,"(3, 5)","(3, -1)",0,0.0
651,"(3, 5)","(3, 0)",0,0.0
652,"(3, 5)","(3, 1)",0,0.0
653,"(3, 5)","(3, 2)",0,0.0
654,"(3, 5)","(3, 3)",0,0.0
655,"(3, 5)","(3, 4)",0,0.0
656,"(3, 5)","(3, 5)",0,0.0
657,"(3, 5)","(3, 6)",0,0.0
658,"(3, 5)","(4, -1)",0,0.886508324065742
659,"(3, 5)","(4, 0)",0,0.0
660,"(3, 5)","(4, 1)",0,0.0
661,"(3, 5)","(4, 2)",0,0.0
662,"(3, 5)","(4, 3)",0,0.0
663,"(3, 5)","(4, 4)",0,0.0
664,"(3, 5)","(4, 5)",0,0.0283729189835645
665,"(3, 5)","(4, 6)",0,0.056745837967129
666,"(3, 5)","(4, 7)",0,0.028372918983564505
667,"(3, 5)","(4, 8)",0,0.0
668,"(3, 5)","(5, -1)",0,0.0
669,"(3, 5)","(5, 0)",0,0.0
670,"(3, 5)","(5, 1)",0,0.0
671,"(3, 5)","(5, 2)",0,0.0
672,"(3, 5)","(5, 3)",0,0.0
673,"(3, 5)","(5, 4)",0,0.0
674,"(3, 5)","(5, 5)",0,0.0
675,"(3, 5)","(5, 6)",0,0.0
676,"(3, 5)","(5, 7)",0,0.0
677,"(3, 5)","(5, 8)",0,0.0
678,"(3, 5)","(5, 9)",0,0.0
679,"(3, 5)","(5, 10)",0,0.0
680,"(3, 6)","(1, -1)",0,0.0
681,"(3, 6)","(1, 0)",0,0.0
682,"(3, 6)","(1, 1)",0,0.0
683,"(3, 6)","(1, 2)",0,0.0
684,"(3, 6)","(2, -1)",0,0.0
685,"(3, 6)","(2, 0)",0,0.0
686,"(3, 6)","(2, 1)",0,0.0
687,"(3, 6)","(2, 2)",0,0.0
688,"(3, 6)","(2, 3)",0,0.0
689,"(3, 6)","(2, 4)",0,0.0
690,"(3, 6)","(3, -1)",0,0.0
691,"(3, 6)","(3, 0)",0,0.0
692,"(3, 6)","(3, 1)",0,0.0
693,"(3, 6)","(3, 2)",0,0.0
694,"(3, 6)","(3, 3)",0,0.0
695,"(3, 6)","(3, 4)",0,0.0
696,"(3, 6)","(3, 5)",0,0.0
697,"(3, 6)","(3, 6)",0,0.0
698,"(3, 6)","(4, -1)",0,0.955022005382484
699,"(3, 6)","(4, 0)",0,0.0
700,"(3, 6)","(4, 1)",0,0.0
701,"(3, 6)","(4, 2)",0,0.0
702,"(3, 6)","(4, 3)",0,0.0
703,"(3, 6)","(4, 4)",0,0.0
704,"(3, 6)","(4, 5)",0,0.0
705,"(3, 6)","(4, 6)",0,0.011244498654378985
706,"(3, 6)","(4, 7)",0,0.02248899730875797
707,"(3, 6)","(4, 8)",0,0.011244498654378987
708,"(3, 6)","(5, -1)",0,0.0
709,"(3, 6)","(5, 0)",0,0.0
710,"(3, 6)","(5, 1)",0,0.0
711,"(3, 6)","(5, 2)",0,0.0
712,"(3, 6)","(5, 3)",0,0.0
713,"(3, 6)","(5, 4)",0,0.0
714,"(3, 6)","(5, 5)",0,0.0
715,"(3, 6)","(5, 6)",0,0.0
716,"(3, 6)","(5, 7)",0,0.0
717,"(3, 6)","(5, 8)",0,0.0
718,"(3, 6)","(5, 9)",0,0.0
719,"(3, 6)","(5, 10)",0,0.0
720,"(4, -1)","(1, -1)",0,0.0
721,"(4, -1)","(1, 0)",0,0.0
722,"(4, -1)","(1, 1)",0,0.0
723,"(4, -1)","(1, 2)",0,0.0
724,"(4, -1)","(2, -1)",0,0.0
725,"(4, -1)","(2, 0)",0,0.0
726,"(4, -1)","(2, 1)",0,0.0
727,"(4, -1)","(2, 2)",0,0.0
728,"(4, -1)","(2, 3)",0,0.0
729,"(4, -1)","(2, 4)",0,0.0
730,"(4, -1)","(3, -1)",0,0.0
731,"(4, -1)","(3, 0)",0,0.0
732,"(4, -1)","(3, 1)",0,0.0
733,"(4, -1)","(3, 2)",0,0.0
734,"(4, -1)","(3, 3)",0,0.0
735,"(4, -1)","(3, 4)",0,0.0
736,"(4, -1)","(3, 5)",0,0.0
737,"(4, -1)","(3, 6)",0,0.0
738,"(4, -1)","(4, -1)",0,0.0
739,"(4, -1)","(4, 0)",0,0.0
740,"(4, -1)","(4, 1)",0,0.0
741,"(4, -1)","(4, 2)",0,0.0
742,"(4, -1)","(4, 3)",0,0.0
743,"(4, -1)","(4, 4)",0,0.0
744,"(4, -1)","(4, 5)",0,0.0
745,"(4, -1)","(4, 6)",0,0.0
746,"(4, -1)","(4, 7)",0,0.0
747,"(4, -1)","(4, 8)",0,0.0
748,"(4, -1)","(5, -1)",0,0.0
749,"(4, -1)","(5, 0)",0,0.0
750,"(4, -1)","(5, 1)",0,0.0
751,"(4, -1)","(5, 2)",0,0.0
752,"(4, -1)","(5, 3)",0,0.0
753,"(4, -1)","(5, 4)",0,0.0
754,"(4, -1)","(5, 5)",0,0.0
755,"(4, -1)","(5, 6)",0,0.0
756,"(4, -1)","(5, 7)",0,0.0
757,"(4, -1)","(5, 8)",0,0.0
758,"(4, -1)","(5, 9)",0,0.0
759,"(4, -1)","(5, 10)",0,0.0
760,"(4, 0)","(1, -1)",0,0.0
761,"(4, 0)","(1, 0)",0,0.0
762,"(4, 0)","(1, 1)",0,0.0
763,"(4, 0)","(1, 2)",0,0.0
764,"(4, 0)","(2, -1)",0,0.0
765,"(4, 0)","(2, 0)",0,0.0
766,"(4, 0)","(2, 1)",0,0.0
767,"(4, 0)","(2, 2)",0,0.0
768,"(4, 0)","(2, 3)",0,0.0
769,"(4, 0)","(2, 4)",0,0.0
770,"(4, 0)","(3, -1)",0,0.0
771,"(4, 0)","(3, 0)",0,0.0
772,"(4, 0)","(3, 1)",0,0.0
773,"(4, 0)","(3, 2)",0,0.0
774,"(4, 0)","(3, 3)",0,0.0
775,"(4, 0)","(3, 4)",0,0.0
776,"(4, 0)","(3, 5)",0,0.0
777,"(4, 0)","(3, 6)",0,0.0
778,"(4, 0)","(4, -1)",0,0.0
779,"(4, 0)","(4, 0)",0,0.0
780,"(4, 0)","(4, 1)",0,0.0
781,"(4, 0)","(4, 2)",0,0.0
782,"(4, 0)","(4, 3)",0,0.0
783,"(4, 0)","(4, 4)",0,0.0
784,"(4, 0)","(4, 5)",0,0.0
785,"(4, 0)","(4, 6)",0,0.0
786,"(4, 0)","(4, 7)",0,0.0
787,"(4, 0)","(4, 8)",0,0.0
788,"(4, 0)","(5, -1)",0,0.05
789,"(4, 0)","(5, 0)",0,0.23749999999999996
790,"(4, 0)","(5, 1)",0,0.4749999999999999
791,"(4, 0)","(5, 2)",0,0.2375
792,"(4, 0)","(5, 3)",0,0.0
793,"(4, 0)","(5, 4)",0,0.0
794,"(4, 0)","(5, 5)",0,0.0
795,"(4, 0)","(5, 6)",0,0.0
796,"(4, 0)","(5, 7)",0,0.0
797,"(4, 0)","(5, 8)",0,0.0
798,"(4, 0)","(5, 9)",0,0.0
799,"(4, 0)","(5, 10)",0,0.0
800,"(4, 1)","(1, -1)",0,0.0
801,"(4, 1)","(1, 0)",0,0.0
802,"(4, 1)","(1, 1)",0,0.0
803,"(4, 1)","(1, 2)",0,0.0
804,"(4, 1)","(2, -1)",0,0.0
805,"(4, 1)","(2, 0)",0,0.0
806,"(4, 1)","(2, 1)",0,0.0
807,"(4, 1)","(2, 2)",0,0.0
808,"(4, 1)","(2, 3)",0,0.0
809,"(4, 1)","(2, 4)",0,0.0
810,"(4, 1)","(3, -1)",0,0.0
811,"(4, 1)","(3, 0)",0,0.0
812,"(4, 1)","(3, 1)",0,0.0
813,"(4, 1)","(3, 2)",0,0.0
814,"(4, 1)","(3, 3)",0,0.0
815,"(4, 1)","(3, 4)",0,0.0
816,"(4, 1)","(3, 5)",0,0.0
817,"(4, 1)","(3, 6)",0,0.0
818,"(4, 1)","(4, -1)",0,0.0
819,"(4, 1)","(4, 0)",0,0.0
820,"(4, 1)","(4, 1)",0,0.0
821,"(4, 1)","(4, 2)",0,0.0
822,"(4, 1)","(4, 3)",0,0.0
823,"(4, 1)","(4, 4)",0,0.0
824,"(4, 1)","(4, 5)",0,0.0
825,"(4, 1)","(4, 6)",0,0.0
826,"(4, 1)","(4, 7)",0,0.0
827,"(4, 1)","(4, 8)",0,0.0
828,"(4, 1)","(5, -1)",0,0.12516099799833535
829,"(4, 1)","(5, 0)",0,0.0
830,"(4, 1)","(5, 1)",0,0.21870975050041613
831,"(4, 1)","(5, 2)",0,0.43741950100083227
832,"(4, 1)","(5, 3)",0,0.21870975050041616
833,"(4, 1)","(5, 4)",0,0.0
834,"(4, 1)","(5, 5)",0,0.0
835,"(4, 1)","(5, 6)",0,0.0
836,"(4, 1)","(5, 7)",0,0.0
837,"(4, 1)","(5, 8)",0,0.0
838,"(4, 1)","(5, 9)",0,0.0
839,"(4, 1)","(5, 10)",0,0.0
840,"(4, 2)","(1, -1)",0,0.0
841,"(4, 2)","(1, 0)",0,0.0
842,"(4, 2)","(1, 1)",0,0.0
843,"(4, 2)","(1, 2)",0,0.0
844,"(4, 2)","(2, -1)",0,0.0
845,"(4, 2)","(2, 0)",0,0.0
846,"(4, 2)","(2, 1)",0,0.0
847,"(4, 2)","(2, 2)",0,0.0
848,"(4, 2)","(2, 3)",0,0.0
849,"(4, 2)","(2, 4)",0,0.0
850,"(4, 2)","(3, -1)",0,0.0
851,"(4, 2)","(3, 0)",0,0.0
852,"(4, 2)","(3, 1)",0,0.0
853,"(4, 2)","(3, 2)",0,0.0
854,"(4, 2)","(3, 3)",0,0.0
855,"(4, 2)","(3, 4)",0,0.0
856,"(4, 2)","(3, 5)",0,0.0
857,"(4, 2)","(3, 6)",0,0.0
858,"(4, 2)","(4, -1)",0,0.0
859,"(4, 2)","(4, 0)",0,0.0
860,"(4, 2)","(4, 1)",0,0.0
861,"(4, 2)","(4, 2)",0,0.0
862,"(4, 2)","(4, 3)",0,0.0
863,"(4, 2)","(4, 4)",0,0.0
864,"(4, 2)","(4, 5)",0,0.0
865,"(4, 2)","(4, 6)",0,0.0
866,"(4, 2)","(4, 7)",0,0.0
867,"(4, 2)","(4, 8)",0,0.0
868,"(4, 2)","(5, -1)",0,0.28000456216507397
869,"(4, 2)","(5, 0)",0,0.0
870,"(4, 2)","(5, 1)",0,0.0
871,"(4, 2)","(5, 2)",0,0.17999885945873148
872,"(4, 2)","(5, 3)",0,0.35999771891746296
873,"(4, 2)","(5, 4)",0,0.1799988594587315
874,"(4, 2)","(5, 5)",0,0.0
875,"(4, 2)","(5, 6)",0,0.0
876,"(4, 2)","(5, 7)",0,0.0
877,"(4, 2)","(5, 8)",0,0.0
878,"(4, 2)","(5, 9)",0,0.0
879,"(4, 2)","(5, 10)",0,0.0
880,"(4, 3)","(1, -1)",0,0.0
881,"(4, 3)","(1, 0)",0,0.0
882,"(4, 3)","(1, 1)",0,0.0
883,"(4, 3)","(1, 2)",0,0.0
884,"(4, 3)","(2, -1)",0,0.0
885,"(4, 3)","(2, 0)",0,0.0
886,"(4, 3)","(2, 1)",0,0.0
887,"(4, 3)","(2, 2)",0,0.0
888,"(4, 3)","(2, 3)",0,0.0
889,"(4, 3)","(2, 4)",0,0.0
890,"(4, 3)","(3, -1)",0,0.0
891,"(4, 3)","(3, 0)",0,0.0
892,"(4, 3)","(3, 1)",0,0.0
893,"(4, 3)","(3, 2)",0,0.0
894,"(4, 3)","(3, 3)",0,0.0
895,"(4, 3)","(3, 4)",0,0.0
896,"(4, 3)","(3, 5)",0,0.0
897,"(4, 3)","(3, 6)",0,0.0
898,"(4, 3)","(4, -1)",0,0.0
899,"(4, 3)","(4, 0)",0,0.0
900,"(4, 3)","(4, 1)",0,0.0
901,"(4, 3)","(4, 2)",0,0.0
902,"(4, 3)","(4, 3)",0,0.0
903,"(4, 3)","(4, 4)",0,0.0
904,"(4, 3)","(4, 5)",0,0.0
905,"(4, 3)","(4, 6)",0,0.0
906,"(4, 3)","(4, 7)",0,0.0
907,"(4, 3)","(4, 8)",0,0.0
908,"(4, 3)","(5, -1)",0,0.5138866830116855
909,"(4, 3)","(5, 0)",0,0.0
910,"(4, 3)","(5, 1)",0,0.0
911,"(4, 3)","(5, 2)",0,0.0
912,"(4, 3)","(5, 3)",0,0.12152832924707861
913,"(4, 3)","(5, 4)",0,0.24305665849415722
914,"(4, 3)","(5, 5)",0,0.12152832924707863
915,"(4, 3)","(5, 6)",0,0.0
916,"(4, 3)","(5, 7)",0,0.0
917,"(4, 3)","(5, 8)",0,0.0
918,"(4, 3)","(5, 9)",0,0.0
919,"(4, 3)","(5, 10)",0,0.0
920,"(4, 4)","(1, -1)",0,0.0
921,"(4, 4)","(1, 0)",0,0.0
922,"(4, 4)","(1, 1)",0,0.0
923,"(4, 4)","(1, 2)",0,0.0
924,"(4, 4)","(2, -1)",0,0.0
925,"(4, 4)","(2, 0)",0,0.0
926,"(4, 4)","(2, 1)",0,0.0
927,"(4, 4)","(2, 2)",0,0.0
928,"(4, 4)","(2, 3)",0,0.0
929,"(4, 4)","(2, 4)",0,0.0
930,"(4, 4)","(3, -1)",0,0.0
931,"(4, 4)","(3, 0)",0,0.0
932,"(4, 4)","(3, 1)",0,0.0
933,"(4, 4)","(3, 2)",0,0.0
934,"(4, 4)","(3, 3)",0,0.0
935,"(4, 4)","(3, 4)",0,0.0
936,"(4, 4)","(3, 5)",0,0.0
937,"(4, 4)","(3, 6)",0,0.0
938,"(4, 4)","(4, -1)",0,0.0
939,"(4, 4)","(4, 0)",0,0.0
940,"(4, 4)","(4, 1)",0,0.0
941,"(4, 4)","(4, 2)",0,0.0
942,"(4, 4)","(4, 3)",0,0.0
943,"(4, 4)","(4, 4)",0,0.0
944,"(4, 4)","(4, 5)",0,0.0
945,"(4, 4)","(4, 6)",0,0.0
946,"(4, 4)","(4, 7)",0,0.0
947,"(4, 4)","(4, 8)",0,0.0
948,"(4, 4)","(5, -1)",0,0.7418413371607367
949,"(4, 4)","(5, 0)",0,0.0
950,"(4, 4)","(5, 1)",0,0.0
951,"(4, 4)","(5, 2)",0,0.0
952,"(4, 4)","(5, 3)",0,0.0
953,"(4, 4)","(5, 4)",0,0.0645396657098158
954,"(4, 4)","(5, 5)",0,0.1290793314196316
955,"(4, 4)","(5, 6)",0,0.06453966570981581
956,"(4, 4)","(5, 7)",0,0.0
957,"(4, 4)","(5, 8)",0,0.0
958,"(4, 4)","(5, 9)",0,0.0
959,"(4, 4)","(5, 10)",0,0.0
960,"(4, 5)","(1, -1)",0,0.0
961,"(4, 5)","(1, 0)",0,0.0
962,"(4, 5)","(1, 1)",0,0.0
963,"(4, 5)","(1, 2)",0,0.0
964,"(4, 5)","(2, -1)",0,0.0
965,"(4, 5)","(2, 0)",0,0.0
966,"(4, 5)","(2, 1)",0,0.0
967,"(4, 5)","(2, 2)",0,0.0
968,"(4, 5)","(2, 3)",0,0.0
969,"(4, 5)","(2, 4)",0,0.0
970,"(4, 5)","(3, -1)",0,0.0
971,"(4, 5)","(3, 0)",0,0.0
972,"(4, 5)","(3, 1)",0,0.0
973,"(4, 5)","(3, 2)",0,0.0
974,"(4, 5)","(3, 3)",0,0.0
975,"(4, 5)","(3, 4)",0,0.0
976,"(4, 5)","(3, 5)",0,0.0
977,"(4, 5)","(3, 6)",0,0.0
978,"(4, 5)","(4, -1)",0,0.0
979,"(4, 5)","(4, 0)",0,0.0
980,"(4, 5)","(4, 1)",0,0.0
981,"(4, 5)","(4, 2)",0,0.0
982,"(4, 5)","(4, 3)",0,0.0
983,"(4, 5)","(4, 4)",0,0.0
984,"(4, 5)","(4, 5)",0,0.0
985,"(4, 5)","(4, 6)",0,0.0
986,"(4, 5)","(4, 7)",0,0.0
987,"(4, 5)","(4, 8)",0,0.0
988,"(4, 5)","(5, -1)",0,0.886508324065742
989,"(4, 5)","(5, 0)",0,0.0
990,"(4, 5)","(5, 1)",0,0.0
991,"(4, 5)","(5, 2)",0,0.0
992,"(4, 5)","(5, 3)",0,0.0
993,"(4, 5)","(5, 4)",0,0.0
994,"(4, 5)","(5, 5)",0,0.0283729189835645
995,"(4, 5)","(5, 6)",0,0.056745837967129
996,"(4, 5)","(5, 7)",0,0.028372918983564505
997,"(4, 5)","(5, 8)",0,0.0
998,"(4, 5)","(5, 9)",0,0.0
999,"(4, 5)","(5, 10)",0,0.0
1000,"(4, 6)","(1, -1)",0,0.0
1001,"(4, 6)","(1, 0)",0,0.0
1002,"(4, 6)","(1, 1)",0,0.0
1003,"(4, 6)","(1, 2)",0,0.0
1004,"(4, 6)","(2, -1)",0,0.0
1005,"(4, 6)","(2, 0)",0,0.0
1006,"(4, 6)","(2, 1)",0,0.0
1007,"(4, 6)","(2, 2)",0,0.0
1008,"(4, 6)","(2, 3)",0,0.0
1009,"(4, 6)","(2, 4)",0,0.0
1010,"(4, 6)","(3, -1)",0,0.0
1011,"(4, 6)","(3, 0)",0,0.0
1012,"(4, 6)","(3, 1)",0,0.0
1013,"(4, 6)","(3, 2)",0,0.0
1014,"(4, 6)","(3, 3)",0,0.0
1015,"(4, 6)","(3, 4)",0,0.0
1016,"(4, 6)","(3, 5)",0,0.0
1017,"(4, 6)","(3, 6)",0,0.0
1018,"(4, 6)","(4, -1)",0,0.0
1019,"(4, 6)","(4, 0)",0,0.0
1020,"(4, 6)","(4, 1)",0,0.0
1021,"(4, 6)","(4, 2)",0,0.0
1022,"(4, 6)","(4, 3)",0,0.0
1023,"(4, 6)","(4, 4)",0,0.0
1024,"(4, 6)","(4, 5)",0,0.0
1025,"(4, 6)","(4, 6)",0,0.0
1026,"(4, 6)","(4, 7)",0,0.0
1027,"(4, 6)","(4, 8)",0,0.0
1028,"(4, 6)","(5, -1)",0,0.955022005382484
1029,"(4, 6)","(5, 0)",0,0.0
1030,"(4, 6)","(5, 1)",0,0.0
1031,"(4, 6)","(5, 2)",0,0.0
1032,"(4, 6)","(5, 3)",0,0.0
1033,"(4, 6)","(5, 4)",0,0.0
1034,"(4, 6)","(5, 5)",0,0.0
1035,"(4, 6)","(5, 6)",0,0.011244498654378985
1036,"(4, 6)","(5, 7)",0,0.02248899730875797
1037,"(4, 6)","(5, 8)",0,0.011244498654378987
1038,"(4, 6)","(5, 9)",0,0.0
1039,"(4, 6)","(5, 10)",0,0.0
1040,"(4, 7)","(1, -1)",0,0.0
1041,"(4, 7)","(1, 0)",0,0.0
1042,"(4, 7)","(1, 1)",0,0.0
1043,"(4, 7)","(1, 2)",0,0.0
1044,"(4, 7)","(2, -1)",0,0.0
1045,"(4, 7)","(2, 0)",0,0.0
1046,"(4, 7)","(2, 1)",0,0.0
1047,"(4, 7)","(2, 2)",0,0.0
1048,"(4, 7)","(2, 3)",0,0.0
1049,"(4, 7)","(2, 4)",0,0.0
1050,"(4, 7)","(3, -1)",0,0.0
1051,"(4, 7)","(3, 0)",0,0.0
1052,"(4, 7)","(3, 1)",0,0.0
1053,"(4, 7)","(3, 2)",0,0.0
1054,"(4, 7)","(3, 3)",0,0.0
1055,"(4, 7)","(3, 4)",0,0.0
1056,"(4, 7)","(3, 5)",0,0.0
1057,"(4, 7)","(3, 6)",0,0.0
1058,"(4, 7)","(4, -1)",0,0.0
1059,"(4, 7)","(4, 0)",0,0.0
1060,"(4, 7)","(4, 1)",0,0.0
1061,"(4, 7)","(4, 2)",0,0.0
1062,"(4, 7)","(4, 3)",0,0.0
1063,"(4, 7)","(4, 4)",0,0.0
1064,"(4, 7)","(4, 5)",0,0.0
1065,"(4, 7)","(4, 6)",0,0.0
1066,"(4, 7)","(4, 7)",0,0.0
1067,"(4, 7)","(4, 8)",0,0.0
1068,"(4, 7)","(5, -1)",0,0.9829693122183958
1069,"(4, 7)","(5, 0)",0,0.0
1070,"(4, 7)","(5, 1)",0,0.0
1071,"(4, 7)","(5, 2)",0,0.0
1072,"(4, 7)","(5, 3)",0,0.0
1073,"(4, 7)","(5, 4)",0,0.0
1074,"(4, 7)","(5, 5)",0,0.0
1075,"(4, 7)","(5, 6)",0,0.0
1076,"(4, 7)","(5, 7)",0,0.004257671945401053
1077,"(4, 7)","(5, 8)",0,0.008515343890802106
1078,"(4, 7)","(5, 9)",0,0.004257671945401054
1079,"(4, 7)","(5, 10)",0,0.0
1080,"(4, 8)","(1, -1)",0,0.0
1081,"(4, 8)","(1, 0)",0,0.0
1082,"(4, 8)","(1, 1)",0,0.0
1083,"(4, 8)","(1, 2)",0,0.0
1084,"(4, 8)","(2, -1)",0,0.0
1085,"(4, 8)","(2, 0)",0,0.0
1086,"(4, 8)","(2, 1)",0,0.0
1087,"(4, 8)","(2, 2)",0,0.0
1088,"(4, 8)","(2, 3)",0,0.0
1089,"(4, 8)","(2, 4)",0,0.0
1090,"(4, 8)","(3, -1)",0,0.0
1091,"(4, 8)","(3, 0)",0,0.0
1092,"(4, 8)","(3, 1)",0,0.0
1093,"(4, 8)","(3, 2)",0,0.0
1094,"(4, 8)","(3, 3)",0,0.0
1095,"(4, 8)","(3, 4)",0,0.0
1096,"(4, 8)","(3, 5)",0,0.0
1097,"(4, 8)","(3, 6)",0,0.0
1098,"(4, 8)","(4, -1)",0,0.0
1099,"(4, 8)","(4, 0)",0,0.0
1100,"(4, 8)","(4, 1)",0,0.0
1101,"(4, 8)","(4, 2)",0,0.0
1102,"(4, 8)","(4, 3)",0,0.0
1103,"(4, 8)","(4, 4)",0,0.0
1104,"(4, 8)","(4, 5)",0,0.0
1105,"(4, 8)","(4, 6)",0,0.0
1106,"(4, 8)","(4, 7)",0,0.0
1107,"(4, 8)","(4, 8)",0,0.0
1108,"(4, 8)","(5, -1)",0,0.9936665779714015
1109,"(4, 8)","(5, 0)",0,0.0
1110,"(4, 8)","(5, 1)",0,0.0
1111,"(4, 8)","(5, 2)",0,0.0
1112,"(4, 8)","(5, 3)",0,0.0
1113,"(4, 8)","(5, 4)",0,0.0
1114,"(4, 8)","(5, 5)",0,0.0
1115,"(4, 8)","(5, 6)",0,0.0
1116,"(4, 8)","(5, 7)",0,0.0
1117,"(4, 8)","(5, 8)",0,0.0015833555071496361
1118,"(4, 8)","(5, 9)",0,0.0031667110142992723
1119,"(4, 8)","(5, 10)",0,0.0015833555071496364
1120,"(5, -1)","(1, -1)",0,0.0
1121,"(5, -1)","(1, 0)",0,0.0
1122,"(5, -1)","(1, 1)",0,0.0
1123,"(5, -1)","(1, 2)",0,0.0
1124,"(5, -1)","(2, -1)",0,0.0
1125,"(5, -1)","(2, 0)",0,0.0
1126,"(5, -1)","(2, 1)",0,0.0
1127,"(5, -1)","(2, 2)",0,0.0
1128,"(5, -1)","(2, 3)",0,0.0
1129,"(5, -1)","(2, 4)",0,0.0
1130,"(5, -1)","(3, -1)",0,0.0
1131,"(5, -1)","(3, 0)",0,0.0
1132,"(5, -1)","(3, 1)",0,0.0
1133,"(5, -1)","(3, 2)",0,0.0
1134,"(5, -1)","(3, 3)",0,0.0
1135,"(5, -1)","(3, 4)",0,0.0
1136,"(5, -1)","(3, 5)",0,0.0
1137,"(5, -1)","(3, 6)",0,0.0
1138,"(5, -1)","(4, -1)",0,0.0
1139,"(5, -1)","(4, 0)",0,0.0
1140,"(5, -1)","(4, 1)",0,0.0
1141,"(5, -1)","(4, 2)",0,0.0
1142,"(5, -1)","(4, 3)",0,0.0
1143,"(5, -1)","(4, 4)",0,0.0
1144,"(5, -1)","(4, 5)",0,0.0
1145,"(5, -1)","(4, 6)",0,0.0
1146,"(5, -1)","(4, 7)",0,0.0
1147,"(5, -1)","(4, 8)",0,0.0
1148,"(5, -1)","(5, -1)",0,0.0
1149,"(5, -1)","(5, 0)",0,0.0
1150,"(5, -1)","(5, 1)",0,0.0
1151,"(5, -1)","(5, 2)",0,0.0
1152,"(5, -1)","(5, 3)",0,0.0
1153,"(5, -1)","(5, 4)",0,0.0
1154,"(5, -1)","(5, 5)",0,0.0
1155,"(5, -1)","(5, 6)",0,0.0
1156,"(5, -1)","(5, 7)",0,0.0
1157,"(5, -1)","(5, 8)",0,0.0
1158,"(5, -1)","(5, 9)",0,0.0
1159,"(5, -1)","(5, 10)",0,0.0
1160,"(5, 0)","(1, -1)",0,0.0
1161,"(5, 0)","(1, 0)",0,0.0
1162,"(5, 0)","(1, 1)",0,0.0
1163,"(5, 0)","(1, 2)",0,0.0
1164,"(5, 0)","(2, -1)",0,0.0
1165,"(5, 0)","(2, 0)",0,0.0
1166,"(5, 0)","(2, 1)",0,0.0
1167,"(5, 0)","(2, 2)",0,0.0
1168,"(5, 0)","(2, 3)",0,0.0
1169,"(5, 0)","(2, 4)",0,0.0
1170,"(5, 0)","(3, -1)",0,0.0
1171,"(5, 0)","(3, 0)",0,0.0
1172,"(5, 0)","(3, 1)",0,0.0
1173,"(5, 0)","(3, 2)",0,0.0
1174,"(5, 0)","(3, 3)",0,0.0
1175,"(5, 0)","(3, 4)",0,0.0
1176,"(5, 0)","(3, 5)",0,0.0
1177,"(5, 0)","(3, 6)",0,0.0
1178,"(5, 0)","(4, -1)",0,0.0
1179,"(5, 0)","(4, 0)",0,0.0
1180,"(5, 0)","(4, 1)",0,0.0
1181,"(5, 0)","(4, 2)",0,0.0
1182,"(5, 0)","(4, 3)",0,0.0
1183,"(5, 0)","(4, 4)",0,0.0
1184,"(5, 0)","(4, 5)",0,0.0
1185,"(5, 0)","(4, 6)",0,0.0
1186,"(5, 0)","(4, 7)",0,0.0
1187,"(5, 0)","(4, 8)",0,0.0
1188,"(5, 0)","(5, -1)",0,0.0
1189,"(5, 0)","(5, 0)",0,0.0
1190,"(5, 0)","(5, 1)",0,0.0
1191,"(5, 0)","(5, 2)",0,0.0
1192,"(5, 0)","(5, 3)",0,0.0
1193,"(5, 0)","(5, 4)",0,0.0
1194,"(5, 0)","(5, 5)",0,0.0
1195,"(5, 0)","(5, 6)",0,0.0
1196,"(5, 0)","(5, 7)",0,0.0
1197,"(5, 0)","(5, 8)",0,0.0
1198,"(5, 0)","(5, 9)",0,0.0
1199,"(5, 0)","(5, 10)",0,0.0
1200,"(5, 1)","(1, -1)",0,0.0
1201,"(5, 1)","(1, 0)",0,0.0
1202,"(5, 1)","(1, 1)",0,0.0
1203,"(5, 1)","(1, 2)",0,0.0
1204,"(5, 1)","(2, -1)",0,0.0
1205,"(5, 1)","(2, 0)",0,0.0
1206,"(5, 1)","(2, 1)",0,0.0
1207,"(5, 1)","(2, 2)",0,0.0
1208,"(5, 1)","(2, 3)",0,0.0
1209,"(5, 1)","(2, 4)",0,0.0
1210,"(5, 1)","(3, -1)",0,0.0
1211,"(5, 1)","(3, 0)",0,0.0
1212,"(5, 1)","(3, 1)",0,0.0
1213,"(5, 1)","(3, 2)",0,0.0
1214,"(5, 1)","(3, 3)",0,0.0
1215,"(5, 1)","(3, 4)",0,0.0
1216,"(5, 1)","(3, 5)",0,0.0
1217,"(5, 1)","(3, 6)",0,0.0
1218,"(5, 1)","(4, -1)",0,0.0
1219,"(5, 1)","(4, 0)",0,0.0
1220,"(5, 1)","(4, 1)",0,0.0
1221,"(5, 1)","(4, 2)",0,0.0
1222,"(5, 1)","(4, 3)",0,0.0
1223,"(5, 1)","(4, 4)",0,0.0
1224,"(5, 1)","(4, 5)",0,0.0
1225,"(5, 1)","(4, 6)",0,0.0
1226,"(5, 1)","(4, 7)",0,0.0
1227,"(5, 1)","(4, 8)",0,0.0
1228,"(5, 1)","(5, -1)",0,0.0
1229,"(5, 1)","(5, 0)",0,0.0
1230,"(5, 1)","(5, 1)",0,0.0
1231,"(5, 1)","(5, 2)",0,0.0
1232,"(5, 1)","(5, 3)",0,0.0
1233,"(5, 1)","(5, 4)",0,0.0
1234,"(5, 1)","(5, 5)",0,0.0
1235,"(5, 1)","(5, 6)",0,0.0
1236,"(5, 1)","(5, 7)",0,0.0
1237,"(5, 1)","(5, 8)",0,0.0
1238,"(5, 1)","(5, 9)",0,0.0
1239,"(5, 1)","(5, 10)",0,0.0
1240,"(5, 2)","(1, -1)",0,0.0
1241,"(5, 2)","(1, 0)",0,0.0
1242,"(5, 2)","(1, 1)",0,0.0
1243,"(5, 2)","(1, 2)",0,0.0
1244,"(5, 2)","(2, -1)",0,0.0
1245,"(5, 2)","(2, 0)",0,0.0
1246,"(5, 2)","(2, 1)",0,0.0
1247,"(5, 2)","(2, 2)",0,0.0
1248,"(5, 2)","(2, 3)",0,0.0
1249,"(5, 2)","(2, 4)",0,0.0
1250,"(5, 2)","(3, -1)",0,0.0
1251,"(5, 2)","(3, 0)",0,0.0
1252,"(5, 2)","(3, 1)",0,0.0
1253,"(5, 2)","(3, 2)",0,0.0
1254,"(5, 2)","(3, 3)",0,0.0
1255,"(5, 2)","(3, 4)",0,0.0
1256,"(5, 2)","(3, 5)",0,0.0
1257,"(5, 2)","(3, 6)",0,0.0
1258,"(5, 2)","(4, -1)",0,0.0
1259,"(5, 2)","(4, 0)",0,0.0
1260,"(5, 2)","(4, 1)",0,0.0
1261,"(5, 2)","(4, 2)",0,0.0
1262,"(5, 2)","(4, 3)",0,0.0
1263,"(5, 2)","(4, 4)",0,0.0
1264,"(5, 2)","(4, 5)",0,0.0
1265,"(5, 2)","(4, 6)",0,0.0
1266,"(5, 2)","(4, 7)",0,0.0
1267,"(5, 2)","(4, 8)",0,0.0
1268,"(5, 2)","(5, -1)",0,0.0
1269,"(5, 2)","(5, 0)",0,0.0
1270,"(5, 2)","(5, 1)",0,0.0
1271,"(5, 2)","(5, 2)",0,0.0
1272,"(5, 2)","(5, 3)",0,0.0
1273,"(5, 2)","(5, 4)",0,0.0
1274,"(5, 2)","(5, 5)",0,0.0
1275,"(5, 2)","(5, 6)",0,0.0
1276,"(5, 2)","(5, 7)",0,0.0
1277,"(5, 2)","(5, 8)",0,0.0
1278,"(5, 2)","(5, 9)",0,0.0
1279,"(5, 2)","(5, 10)",0,0.0
1280,"(5, 3)","(1, -1)",0,0.0
1281,"(5, 3)","(1, 0)",0,0.0
1282,"(5, 3)","(1, 1)",0,0.0
1283,"(5, 3)","(1, 2)",0,0.0
1284,"(5, 3)","(2, -1)",0,0.0
1285,"(5, 3)","(2, 0)",0,0.0
1286,"(5, 3)","(2, 1)",0,0.0
1287,"(5, 3)","(2, 2)",0,0.0
1288,"(5, 3)","(2, 3)",0,0.0
1289,"(5, 3)","(2, 4)",0,0.0
1290,"(5, 3)","(3, -1)",0,0.0
1291,"(5, 3)","(3, 0)",0,0.0
1292,"(5, 3)","(3, 1)",0,0.0
1293,"(5, 3)","(3, 2)",0,0.0
1294,"(5, 3)","(3, 3)",0,0.0
1295,"(5, 3)","(3, 4)",0,0.0
1296,"(5, 3)","(3, 5)",0,0.0
1297,"(5, 3)","(3, 6)",0,0.0
1298,"(5, 3)","(4, -1)",0,0.0
1299,"(5, 3)","(4, 0)",0,0.0
1300,"(5, 3)","(4, 1)",0,0.0
1301,"(5, 3)","(4, 2)",0,0.0
1302,"(5, 3)","(4, 3)",0,0.0
1303,"(5, 3)","(4, 4)",0,0.0
1304,"(5, 3)","(4, 5)",0,0.0
1305,"(5, 3)","(4, 6)",0,0.0
1306,"(5, 3)","(4, 7)",0,0.0
1307,"(5, 3)","(4, 8)",0,0.0
1308,"(5, 3)","(5, -1)",0,0.0
1309,"(5, 3)","(5, 0)",0,0.0
1310,"(5, 3)","(5, 1)",0,0.0
1311,"(5, 3)","(5, 2)",0,0.0
1312,"(5, 3)","(5, 3)",0,0.0
1313,"(5, 3)","(5, 4)",0,0.0
1314,"(5, 3)","(5, 5)",0,0.0
1315,"(5, 3)","(5, 6)",0,0.0
1316,"(5, 3)","(5, 7)",0,0.0
1317,"(5, 3)","(5, 8)",0,0.0
1318,"(5, 3)","(5, 9)",0,0.0
1319,"(5, 3)","(5, 10)",0,0.0
1320,"(5, 4)","(1, -1)",0,0.0
1321,"(5, 4)","(1, 0)",0,0.0
1322,"(5, 4)","(1, 1)",0,0.0
1323,"(5, 4)","(1, 2)",0,0.0
1324,"(5, 4)","(2, -1)",0,0.0
1325,"(5, 4)","(2, 0)",0,0.0
1326,"(5, 4)","(2, 1)",0,0.0
1327,"(5, 4)","(2, 2)",0,0.0
1328,"(5, 4)","(2, 3)",0,0.0
1329,"(5, 4)","(2, 4)",0,0.0
1330,"(5, 4)","(3, -1)",0,0.0
1331,"(5, 4)","(3, 0)",0,0.0
1332,"(5, 4)","(3, 1)",0,0.0
1333,"(5, 4)","(3, 2)",0,0.0
1334,"(5, 4)","(3, 3)",0,0.0
1335,"(5, 4)","(3, 4)",0,0.0
1336,"(5, 4)","(3, 5)",0,0.0
1337,"(5, 4)","(3, 6)",0,0.0
1338,"(5, 4)","(4, -1)",0,0.0
1339,"(5, 4)","(4, 0)",0,0.0
1340,"(5, 4)","(4, 1)",0,0.0
1341,"(5, 4)","(4, 2)",0,0.0
1342,"(5, 4)","(4, 3)",0,0.0
1343,"(5, 4)","(4, 4)",0,0.0
1344,"(5, 4)","(4, 5)",0,0.0
1345,"(5, 4)","(4, 6)",0,0.0
1346,"(5, 4)","(4, 7)",0,0.0
1347,"(5, 4)","(4, 8)",0,0.0
1348,"(5, 4)","(5, -1)",0,0.0
1349,"(5, 4)","(5, 0)",0,0.0
1350,"(5, 4)","(5, 1)",0,0.0
1351,"(5, 4)","(5, 2)",0,0.0
1352,"(5, 4)","(5, 3)",0,0.0
1353,"(5, 4)","(5, 4)",0,0.0
1354,"(5, 4)","(5, 5)",0,0.0
1355,"(5, 4)","(5, 6)",0,0.0
1356,"(5, 4)","(5, 7)",0,0.0
1357,"(5, 4)","(5, 8)",0,0.0
1358,"(5, 4)","(5, 9)",0,0.0
1359,"(5, 4)","(5, 10)",0,0.0
1360,"(5, 5)","(1, -1)",0,0.0
1361,"(5, 5)","(1, 0)",0,0.0
1362,"(5, 5)","(1, 1)",0,0.0
1363,"(5, 5)","(1, 2)",0,0.0
1364,"(5, 5)","(2, -1)",0,0.0
1365,"(5, 5)","(2, 0)",0,0.0
1366,"(5, 5)","(2, 1)",0,0.0
1367,"(5, 5)","(2, 2)",0,0.0
1368,"(5, 5)","(2, 3)",0,0.0
1369,"(5, 5)","(2, 4)",0,0.0
1370,"(5, 5)","(3, -1)",0,0.0
1371,"(5, 5)","(3, 0)",0,0.0
1372,"(5, 5)","(3, 1)",0,0.0
1373,"(5, 5)","(3, 2)",0,0.0
1374,"(5, 5)","(3, 3)",0,0.0
1375,"(5, 5)","(3, 4)",0,0.0
1376,"(5, 5)","(3, 5)",0,0.0
1377,"(5, 5)","(3, 6)",0,0.0
1378,"(5, 5)","(4, -1)",0,0.0
1379,"(5, 5)","(4, 0)",0,0.0
1380,"(5, 5)","(4, 1)",0,0.0
1381,"(5, 5)","(4, 2)",0,0.0
1382,"(5, 5)","(4, 3)",0,0.0
1383,"(5, 5)","(4, 4)",0,0.0
1384,"(5, 5)","(4, 5)",0,0.0
1385,"(5, 5)","(4, 6)",0,0.0
1386,"(5, 5)","(4, 7)",0,0.0
1387,"(5, 5)","(4, 8)",0,0.0
1388,"(5, 5)","(5, -1)",0,0.0
1389,"(5, 5)","(5, 0)",0,0.0
1390,"(5, 5)","(5, 1)",0,0.0
1391,"(5, 5)","(5, 2)",0,0.0
1392,"(5, 5)","(5, 3)",0,0.0
1393,"(5, 5)","(5, 4)",0,0.0
1394,"(5, 5)","(5, 5)",0,0.0
1395,"(5, 5)","(5, 6)",0,0.0
1396,"(5, 5)","(5, 7)",0,0.0
1397,"(5, 5)","(5, 8)",0,0.0
1398,"(5, 5)","(5, 9)",0,0.0
1399,"(5, 5)","(5, 10)",0,0.0
1400,"(5, 6)","(1, -1)",0,0.0
1401,"(5, 6)","(1, 0)",0,0.0
1402,"(5, 6)","(1, 1)",0,0.0
1403,"(5, 6)","(1, 2)",0,0.0
1404,"(5, 6)","(2, -1)",0,0.0
1405,"(5, 6)","(2, 0)",0,0.0
1406,"(5, 6)","(2, 1)",0,0.0
1407,"(5, 6)","(2, 2)",0,0.0
1408,"(5, 6)","(2, 3)",0,0.0
1409,"(5, 6)","(2, 4)",0,0.0
1410,"(5, 6)","(3, -1)",0,0.0
1411,"(5, 6)","(3, 0)",0,0.0
1412,"(5, 6)","(3, 1)",0,0.0
1413,"(5, 6)","(3, 2)",0,0.0
1414,"(5, 6)","(3, 3)",0,0.0
1415,"(5, 6)","(3, 4)",0,0.0
1416,"(5, 6)","(3, 5)",0,0.0
1417,"(5, 6)","(3, 6)",0,0.0
1418,"(5, 6)","(4, -1)",0,0.0
1419,"(5, 6)","(4, 0)",0,0.0
1420,"(5, 6)","(4, 1)",0,0.0
1421,"(5, 6)","(4, 2)",0,0.0
1422,"(5, 6)","(4, 3)",0,0.0
1423,"(5, 6)","(4, 4)",0,0.0
1424,"(5, 6)","(4, 5)",0,0.0
1425,"(5, 6)","(4, 6)",0,0.0
1426,"(5, 6)","(4, 7)",0,0.0
1427,"(5, 6)","(4, 8)",0,0.0
1428,"(5, 6)","(5, -1)",0,0.0
1429,"(5, 6)","(5, 0)",0,0.0
1430,"(5, 6)","(5, 1)",0,0.0
1431,"(5, 6)","(5, 2)",0,0.0
1432,"(5, 6)","(5, 3)",0,0.0
1433,"(5, 6)","(5, 4)",0,0.0
1434,"(5, 6)","(5, 5)",0,0.0
1435,"(5, 6)","(5, 6)",0,0.0
1436,"(5, 6)","(5, 7)",0,0.0
1437,"(5, 6)","(5, 8)",0,0.0
1438,"(5, 6)","(5, 9)",0,0.0
1439,"(5, 6)","(5, 10)",0,0.0
1440,"(5, 7)","(1, -1)",0,0.0
1441,"(5, 7)","(1, 0)",0,0.0
1442,"(5, 7)","(1, 1)",0,0.0
1443,"(5, 7)","(1, 2)",0,0.0
1444,"(5, 7)","(2, -1)",0,0.0
1445,"(5, 7)","(2, 0)",0,0.0
1446,"(5, 7)","(2, 1)",0,0.0
1447,"(5, 7)","(2, 2)",0,0.0
1448,"(5, 7)","(2, 3)",0,0.0
1449,"(5, 7)","(2, 4)",0,0.0
1450,"(5, 7)","(3, -1)",0,0.0
1451,"(5, 7)","(3, 0)",0,0.0
1452,"(5, 7)","(3, 1)",0,0.0
1453,"(5, 7)","(3, 2)",0,0.0
1454,"(5, 7)","(3, 3)",0,0.0
1455,"(5, 7)","(3, 4)",0,0.0
1456,"(5, 7)","(3, 5)",0,0.0
1457,"(5, 7)","(3, 6)",0,0.0
1458,"(5, 7)","(4, -1)",0,0.0
1459,"(5, 7)","(4, 0)",0,0.0
1460,"(5, 7)","(4, 1)",0,0.0
1461,"(5, 7)","(4, 2)",0,0.0
1462,"(5, 7)","(4, 3)",0,0.0
1463,"(5, 7)","(4, 4)",0,0.0
1464,"(5, 7)","(4, 5)",0,0.0
1465,"(5, 7)","(4, 6)",0,0.0
1466,"(5, 7)","(4, 7)",0,0.0
1467,"(5, 7)","(4, 8)",0,0.0
1468,"(5, 7)","(5, -1)",0,0.0
1469,"(5, 7)","(5, 0)",0,0.0
1470,"(5, 7)","(5, 1)",0,0.0
1471,"(5, 7)","(5, 2)",0,0.0
1472,"(5, 7)","(5, 3)",0,0.0
1473,"(5, 7)","(5, 4)",0,0.0
1474,"(5, 7)","(5, 5)",0,0.0
1475,"(5, 7)","(5, 6)",0,0.0
1476,"(5, 7)","(5, 7)",0,0.0
1477,"(5, 7)","(5, 8)",0,0.0
1478,"(5, 7)","(5, 9)",0,0.0
1479,"(5, 7)","(5, 10)",0,0.0
1480,"(5, 8)","(1, -1)",0,0.0
1481,"(5, 8)","(1, 0)",0,0.0
1482,"(5, 8)","(1, 1)",0,0.0
1483,"(5, 8)","(1, 2)",0,0.0
1484,"(5, 8)","(2, -1)",0,0.0
1485,"(5, 8)","(2, 0)",0,0.0
1486,"(5, 8)","(2, 1)",0,0.0
1487,"(5, 8)","(2, 2)",0,0.0
1488,"(5, 8)","(2, 3)",0,0.0
1489,"(5, 8)","(2, 4)",0,0.0
1490,"(5, 8)","(3, -1)",0,0.0
1491,"(5, 8)","(3, 0)",0,0.0
1492,"(5, 8)","(3, 1)",0,0.0
1493,"(5, 8)","(3, 2)",0,0.0
1494,"(5, 8)","(3, 3)",0,0.0
1495,"(5, 8)","(3, 4)",0,0.0
1496,"(5, 8)","(3, 5)",0,0.0
1497,"(5, 8)","(3, 6)",0,0.0
1498,"(5, 8)","(4, -1)",0,0.0
1499,"(5, 8)","(4, 0)",0,0.0
1500,"(5, 8)","(4, 1)",0,0.0
1501,"(5, 8)","(4, 2)",0,0.0
1502,"(5, 8)","(4, 3)",0,0.0
1503,"(5, 8)","(4, 4)",0,0.0
1504,"(5, 8)","(4, 5)",0,0.0
1505,"(5, 8)","(4, 6)",0,0.0
1506,"(5, 8)","(4, 7)",0,0.0
1507,"(5, 8)","(4, 8)",0,0.0
1508,"(5, 8)","(5, -1)",0,0.0
1509,"(5, 8)","(5, 0)",0,0.0
1510,"(5, 8)","(5, 1)",0,0.0
1511,"(5, 8)","(5, 2)",0,0.0
1512,"(5, 8)","(5, 3)",0,0.0
1513,"(5, 8)","(5, 4)",0,0.0
1514,"(5, 8)","(5, 5)",0,0.0
1515,"(5, 8)","(5, 6)",0,0.0
1516,"(5, 8)","(5, 7)",0,0.0
1517,"(5, 8)","(5, 8)",0,0.0
1518,"(5, 8)","(5, 9)",0,0.0
1519,"(5, 8)","(5, 10)",0,0.0
1520,"(5, 9)","(1, -1)",0,0.0
1521,"(5, 9)","(1, 0)",0,0.0
1522,"(5, 9)","(1, 1)",0,0.0
1523,"(5, 9)","(1, 2)",0,0.0
1524,"(5, 9)","(2, -1)",0,0.0
1525,"(5, 9)","(2, 0)",0,0.0
1526,"(5, 9)","(2, 1)",0,0.0
1527,"(5, 9)","(2, 2)",0,0.0
1528,"(5, 9)","(2, 3)",0,0.0
1529,"(5, 9)","(2, 4)",0,0.0
1530,"(5, 9)","(3, -1)",0,0.0
1531,"(5, 9)","(3, 0)",0,0.0
1532,"(5, 9)","(3, 1)",0,0.0
1533,"(5, 9)","(3, 2)",0,0.0
1534,"(5, 9)","(3, 3)",0,0.0
1535,"(5, 9)","(3, 4)",0,0.0
1536,"(5, 9)","(3, 5)",0,0.0
1537,"(5, 9)","(3, 6)",0,0.0
1538,"(5, 9)","(4, -1)",0,0.0
1539,"(5, 9)","(4, 0)",0,0.0
1540,"(5, 9)","(4, 1)",0,0.0
1541,"(5, 9)","(4, 2)",0,0.0
1542,"(5, 9)","(4, 3)",0,0.0
1543,"(5, 9)","(4, 4)",0,0.0
1544,"(5, 9)","(4, 5)",0,0.0
1545,"(5, 9)","(4, 6)",0,0.0
1546,"(5, 9)","(4, 7)",0,0.0
1547,"(5, 9)","(4, 8)",0,0.0
1548,"(5, 9)","(5, -1)",0,0.0
1549,"(5, 9)","(5, 0)",0,0.0
1550,"(5, 9)","(5, 1)",0,0.0
1551,"(5, 9)","(5, 2)",0,0.0
1552,"(5, 9)","(5, 3)",0,0.0
1553,"(5, 9)","(5, 4)",0,0.0
1554,"(5, 9)","(5, 5)",0,0.0
1555,"(5, 9)","(5, 6)",0,0.0
1556,"(5, 9)","(5, 7)",0,0.0
1557,"(5, 9)","(5, 8)",0,0.0
1558,"(5, 9)","(5, 9)",0,0.0
1559,"(5, 9)","(5, 10)",0,0.0
1560,"(5, 10)","(1, -1)",0,0.0
1561,"(5, 10)","(1, 0)",0,0.0
1562,"(5, 10)","(1, 1)",0,0.0
1563,"(5, 10)","(1, 2)",0,0.0
1564,"(5, 10)","(2, -1)",0,0.0
1565,"(5, 10)","(2, 0)",0,0.0
1566,"(5, 10)","(2, 1)",0,0.0
1567,"(5, 10)","(2, 2)",0,0.0
1568,"(5, 10)","(2, 3)",0,0.0
1569,"(5, 10)","(2, 4)",0,0.0
1570,"(5, 10)","(3, -1)",0,0.0
1571,"(5, 10)","(3, 0)",0,0.0
1572,"(5, 10)","(3, 1)",0,0.0
1573,"(5, 10)","(3, 2)",0,0.0
1574,"(5, 10)","(3, 3)",0,0.0
1575,"(5, 10)","(3, 4)",0,0.0
1576,"(5, 10)","(3, 5)",0,0.0
1577,"(5, 10)","(3, 6)",0,0.0
1578,"(5, 10)","(4, -1)",0,0.0
1579,"(5, 10)","(4, 0)",0,0.0
1580,"(5, 10)","(4, 1)",0,0.0
1581,"(5, 10)","(4, 2)",0,0.0
1582,"(5, 10)","(4, 3)",0,0.0
1583,"(5, 10)","(4, 4)",0,0.0
1584,"(5, 10)","(4, 5)",0,0.0
1585,"(5, 10)","(4, 6)",0,0.0
1586,"(5, 10)","(4, 7)",0,0.0
1587,"(5, 10)","(4, 8)",0,0.0
1588,"(5, 10)","(5, -1)",0,0.0
1589,"(5, 10)","(5, 0)",0,0.0
1590,"(5, 10)","(5, 1)",0,0.0
1591,"(5, 10)","(5, 2)",0,0.0
1592,"(5, 10)","(5, 3)",0,0.0
1593,"(5, 10)","(5, 4)",0,0.0
1594,"(5, 10)","(5, 5)",0,0.0
1595,"(5, 10)","(5, 6)",0,0.0
1596,"(5, 10)","(5, 7)",0,0.0
1597,"(5, 10)","(5, 8)",0,0.0
1598,"(5, 10)","(5, 9)",0,0.0
1599,"(5, 10)","(5, 10)",0,0.0
